{"cases_mean": 87708.1127131783, "deaths_mean": 4.4352431297273185, "cases_std": 69948.04441944878, "deaths_std": 3.045141607501354}