{"cases_mean": 102622.3494102228, "deaths_mean": 505755.55176933156, "cases_std": 112282.38746194779, "deaths_std": 288655.34061702475}